search_query,job_title,company_name,job_url,sorted_by_model
Machine Learning Germn,Machine Learning Engineer (all genders),Zalando,https://de.linkedin.com/jobs/view/machine-learning-engineer-all-genders-at-zalando-4427029345,gemini/gemini-2.5-flash
Machine Learning Germn,Machine Learning Engineer (m/f/d),PAYBACK,https://de.linkedin.com/jobs/view/machine-learning-engineer-m-f-d-at-payback-4426739877,gemini/gemini-2.5-flash
Machine Learning Germn,Machine Learning Engineer (m/w/d),Empion,https://de.linkedin.com/jobs/view/machine-learning-engineer-m-w-d-at-empion-4426778172,gemini/gemini-2.5-flash
Machine Learning Germn,Applied AI Engineer (m/f/d),Shopware,https://de.linkedin.com/jobs/view/applied-ai-engineer-m-f-d-at-shopware-4386322880,gemini/gemini-2.5-flash
Machine Learning Germn,AI Software Engineer (m/w/d),Sunhat,https://de.linkedin.com/jobs/view/ai-software-engineer-m-w-d-at-sunhat-4423137463,gemini/gemini-2.5-flash
Machine Learning Germn,Software Engineer - Artificial Intelligence,Haystack,https://de.linkedin.com/jobs/view/software-engineer-artificial-intelligence-at-haystack-4421945558,gemini/gemini-2.5-flash
Machine Learning Germn,Software Engineer - AI expert (m/f/d),OMNIPEAK.AI,https://de.linkedin.com/jobs/view/software-engineer-ai-expert-m-f-d-at-omnipeak-ai-4423111208,gemini/gemini-2.5-flash
Machine Learning Germn,Software Engineer / Data Scientist AI (d/m/w/x),Mercedes-Benz Tech Innovation,https://de.linkedin.com/jobs/view/software-engineer-data-scientist-ai-d-m-w-x-at-mercedes-benz-tech-innovation-4426045873,gemini/gemini-2.5-flash
Machine Learning Germn,Werkstudierende - Machine/ Deep Learning & KI (m/w/d),Fink IT-Solutions,https://de.linkedin.com/jobs/view/werkstudierende-machine-deep-learning-ki-m-w-d-at-fink-it-solutions-4423151986,gemini/gemini-2.5-flash
Work Student ML,Internship / Working Student - Machine-Learning- and AI-Based System Analysis (m/f/d),CARIAD,https://de.linkedin.com/jobs/view/internship-working-student-machine-learning-and-ai-based-system-analysis-m-f-d-at-cariad-4423135978,gemini/gemini-2.5-flash
Work Student ML,Master’s Student Research Intern – Applied Research in LLMs and Agentic AI [2606-144-HAI],NEC Laboratories Europe,https://de.linkedin.com/jobs/view/master%E2%80%99s-student-research-intern-%E2%80%93-applied-research-in-llms-and-agentic-ai-2606-144-hai-at-nec-laboratories-europe-4423107357,gemini/gemini-2.5-flash
Work Student ML,"Software Engineering Intern, AI Applications (m/f/d) - Gigafactory Berlin-Brandenburg",Tesla,https://de.linkedin.com/jobs/view/software-engineering-intern-ai-applications-m-f-d-gigafactory-berlin-brandenburg-at-tesla-4427048524,gemini/gemini-2.5-flash
Work Student ML,Working Student (m/f/d) LLM Agent Evaluation & Benchmarking,Agile Robots SE,https://de.linkedin.com/jobs/view/working-student-m-f-d-llm-agent-evaluation-benchmarking-at-agile-robots-se-4417652550,gemini/gemini-2.5-flash
Machine Learning Germn,MLOps Engineer | Data Engineer Automotive (m/w/d),prognum Automotive GmbH,https://de.linkedin.com/jobs/view/mlops-engineer-data-engineer-automotive-m-w-d-at-prognum-automotive-gmbh-4427074963,gemini/gemini-2.5-flash
Machine Learning Germn,"Machine Learning Research Engineer, Machine Translation",Apple,https://de.linkedin.com/jobs/view/machine-learning-research-engineer-machine-translation-at-apple-4426045447,gemini/gemini-2.5-flash
Machine Learning Germn,Machine Learning Specialist (m/w/d),Empion,https://de.linkedin.com/jobs/view/machine-learning-specialist-m-w-d-at-empion-4426773240,gemini/gemini-2.5-flash
Machine Learning Germn,Data Scientist (Masters),Alignerr,https://de.linkedin.com/jobs/view/data-scientist-masters-at-alignerr-4426584594,gemini/gemini-2.5-flash
Machine Learning Germn,Data Scientist,Qwello,https://de.linkedin.com/jobs/view/data-scientist-at-qwello-4426080733,gemini/gemini-2.5-flash
Machine Learning Germn,Data Scientist,SoTalent,https://de.linkedin.com/jobs/view/data-scientist-at-sotalent-4426100189,gemini/gemini-2.5-flash
Machine Learning Germn,Data Scientist (m/f/x),Enpal,https://de.linkedin.com/jobs/view/data-scientist-m-f-x-at-enpal-4408786098,gemini/gemini-2.5-flash
Machine Learning Germn,Data Scientist,The Ai Training Company,https://de.linkedin.com/jobs/view/data-scientist-at-the-ai-training-company-4425886387,gemini/gemini-2.5-flash
Machine Learning Germn,Data Scientist (Process Intelligence / Celonis),Processand,https://de.linkedin.com/jobs/view/data-scientist-process-intelligence-celonis-at-processand-4423108862,gemini/gemini-2.5-flash
Machine Learning Germn,"Data Scientist, Revenue, Revenue",Lightspeed,https://de.linkedin.com/jobs/view/data-scientist-revenue-revenue-at-lightspeed-4427012405,gemini/gemini-2.5-flash
Machine Learning Germn,"Data Scientist, Revenue, Revenue",Vinted,https://de.linkedin.com/jobs/view/data-scientist-revenue-revenue-at-vinted-4426751817,gemini/gemini-2.5-flash
Machine Learning Germn,Data Scientist als Laboringenieur (m/w/d),Technische Hochschule Wildau,https://de.linkedin.com/jobs/view/data-scientist-als-laboringenieur-m-w-d-at-technische-hochschule-wildau-4427088170,gemini/gemini-2.5-flash
Machine Learning Germn,Full-Stack Software Engineer | AI Accelerated | (m/w/d),Merlin,https://de.linkedin.com/jobs/view/full-stack-software-engineer-ai-accelerated-m-w-d-at-merlin-4426139468,gemini/gemini-2.5-flash
Work Student ML,Intern Software Development BMW Intelligent Personal Assistant (f/m/x),BMW Group,https://de.linkedin.com/jobs/view/intern-software-development-bmw-intelligent-personal-assistant-f-m-x-at-bmw-group-4374504006,gemini/gemini-2.5-flash
Machine Learning Germn,Junior Data Engineer,Haystack,https://de.linkedin.com/jobs/view/junior-data-engineer-at-haystack-4426054787,gemini/gemini-2.5-flash
Machine Learning Germn,Energy Data Engineer,Enemix,https://de.linkedin.com/jobs/view/energy-data-engineer-at-enemix-4426783830,gemini/gemini-2.5-flash
Machine Learning Germn,Data Analytics Engineer (w/m/d),GETEC ENERGIE,https://de.linkedin.com/jobs/view/data-analytics-engineer-w-m-d-at-getec-energie-4423111195,gemini/gemini-2.5-flash
Machine Learning Germn,Data and Analytics Engineer (m/w/d) – Autonomous Driving,Teoresi Group,https://de.linkedin.com/jobs/view/data-and-analytics-engineer-m-w-d-%E2%80%93-autonomous-driving-at-teoresi-group-4422799803,gemini/gemini-2.5-flash
Work Student ML,Working Student - Change Management with focus on Data & Artificial Intelligence (AI) (m/f/d),Allianz Commercial,https://de.linkedin.com/jobs/view/working-student-change-management-with-focus-on-data-artificial-intelligence-ai-m-f-d-at-allianz-commercial-4426786590,gemini/gemini-2.5-flash
Work Student ML,Working Student - Change Management with focus on Data & Artificial Intelligence (AI) (m/f/d),Allianz Commercial,https://de.linkedin.com/jobs/view/working-student-change-management-with-focus-on-data-artificial-intelligence-ai-m-f-d-at-allianz-commercial-4426773760,gemini/gemini-2.5-flash
Work Student ML,(Mandatory) Internship - Data Analysis / Tire Line Development - REF97116B,Continental,https://de.linkedin.com/jobs/view/mandatory-internship-data-analysis-tire-line-development-ref97116b-at-continental-4420948840,gemini/gemini-2.5-flash
Work Student ML,Werkstudent im Bereich Marketing Data & Analytics (m/w/d),Zurich Insurance,https://de.linkedin.com/jobs/view/werkstudent-im-bereich-marketing-data-analytics-m-w-d-at-zurich-insurance-4426093446,gemini/gemini-2.5-flash
Work Student ML,Working Student Reinsurance Analytics (m/f/d),Allianz,https://de.linkedin.com/jobs/view/working-student-reinsurance-analytics-m-f-d-at-allianz-4426772775,gemini/gemini-2.5-flash
Work Student ML,Intern Reinsurance Analytics (m/f/d),Allianz,https://de.linkedin.com/jobs/view/intern-reinsurance-analytics-m-f-d-at-allianz-4427055610,gemini/gemini-2.5-flash
Machine Learning Germn,Graduate Software Engineer,European Tech Recruit,https://de.linkedin.com/jobs/view/graduate-software-engineer-at-european-tech-recruit-4427041004,gemini/gemini-2.5-flash
Machine Learning Germn,Junior Software Engineer,Haystack,https://de.linkedin.com/jobs/view/junior-software-engineer-at-haystack-4426062268,gemini/gemini-2.5-flash
Machine Learning Germn,Software Engineer,BlueLayer,https://de.linkedin.com/jobs/view/software-engineer-at-bluelayer-4426779971,gemini/gemini-2.5-flash
Machine Learning Germn,Software Engineer - Platform,Jobgether,https://de.linkedin.com/jobs/view/software-engineer-platform-at-jobgether-4426144034,gemini/gemini-2.5-flash
Machine Learning Germn,Software Engineer - Backend (all genders),Shiftmove,https://de.linkedin.com/jobs/view/software-engineer-backend-all-genders-at-shiftmove-4426775527,gemini/gemini-2.5-flash
Machine Learning Germn,Software Engineer - Fullstack (m/f/d),OMNIPEAK.AI,https://de.linkedin.com/jobs/view/software-engineer-fullstack-m-f-d-at-omnipeak-ai-4423103332,gemini/gemini-2.5-flash
Work Student ML,Working Student - Backend Development (m/w/d),OKAPI:Orbits,https://de.linkedin.com/jobs/view/working-student-backend-development-m-w-d-at-okapi-orbits-4423128758,gemini/gemini-2.5-flash
Work Student ML,Working Student Frontend Engineer (TypeScript) (d/f/m),Bettermile,https://de.linkedin.com/jobs/view/working-student-frontend-engineer-typescript-d-f-m-at-bettermile-4427022004,gemini/gemini-2.5-flash
Work Student ML,Working Student Frontend Engineer (TypeScript) (d/f/m),Bettermile,https://de.linkedin.com/jobs/view/working-student-frontend-engineer-typescript-d-f-m-at-bettermile-4426759495,gemini/gemini-2.5-flash
Work Student ML,Working Student (f/m/x) - LiDAR Sensors Integration on a Drone Swarm,German Aerospace Center (DLR),https://de.linkedin.com/jobs/view/working-student-f-m-x-lidar-sensors-integration-on-a-drone-swarm-at-german-aerospace-center-dlr-4427010755,gemini/gemini-2.5-flash
Work Student ML,Working Student (m/f/d) Robot Teaching Solutions & Learning Signal Evaluation,Agile Robots SE,https://de.linkedin.com/jobs/view/working-student-m-f-d-robot-teaching-solutions-learning-signal-evaluation-at-agile-robots-se-4410140520,gemini/gemini-2.5-flash
Work Student ML,Thesis - Rapid plastic material characterisation using surrogate modeling (all genders welcome),AUDI AG,https://de.linkedin.com/jobs/view/thesis-rapid-plastic-material-characterisation-using-surrogate-modeling-all-genders-welcome-at-audi-ag-4423104631,gemini/gemini-2.5-flash
Work Student ML,Working Student BI SME Europe (m/f/d),RTL AdAlliance,https://de.linkedin.com/jobs/view/working-student-bi-sme-europe-m-f-d-at-rtl-adalliance-4423100893,gemini/gemini-2.5-flash
Work Student ML,Working Student (f/m/d) - SAP HANA Cloud Infrastructure,SAP,https://de.linkedin.com/jobs/view/working-student-f-m-d-sap-hana-cloud-infrastructure-at-sap-4426085848,gemini/gemini-2.5-flash
Work Student ML,"2026 Engineering Operations Intern, Data Center Engineering Operations - Jobbird.com",Jobster,https://de.linkedin.com/jobs/view/2026-engineering-operations-intern-data-center-engineering-operations-jobbird-com-at-jobster-4426042188,gemini/gemini-2.5-flash
Machine Learning Germn,Senior ML Ops Engineer (m/f/d),Redcare Pharmacy,https://de.linkedin.com/jobs/view/senior-ml-ops-engineer-m-f-d-at-redcare-pharmacy-4426797563,gemini/gemini-2.5-flash
Machine Learning Germn,Sr. Software Development Engineer - C++ for 3D/Computer Vision (m/f/d),Esri,https://de.linkedin.com/jobs/view/sr-software-development-engineer-c%2B%2B-for-3d-computer-vision-m-f-d-at-esri-4417023549,gemini/gemini-2.5-flash
Machine Learning Germn,Senior Data Scientist (m/w/d) mit Fokus AI,Skalar,https://de.linkedin.com/jobs/view/senior-data-scientist-m-w-d-mit-fokus-ai-at-skalar-4423156208,gemini/gemini-2.5-flash
Machine Learning Germn,Senior Software Engineer (AI Product) (m/w/d),MONDAY.ROCKS GmbH,https://de.linkedin.com/jobs/view/senior-software-engineer-ai-product-m-w-d-at-monday-rocks-gmbh-4421963276,gemini/gemini-2.5-flash
Machine Learning Germn,Senior AI/ML Engineer - BCN/MAD/Munich,AILY LABS,https://de.linkedin.com/jobs/view/senior-ai-ml-engineer-bcn-mad-munich-at-aily-labs-4427051052,gemini/gemini-2.5-flash
Machine Learning Germn,(Senior) ML Research Engineer (m/f/d) Robotics,Agile Robots SE,https://de.linkedin.com/jobs/view/senior-ml-research-engineer-m-f-d-robotics-at-agile-robots-se-4379834560,gemini/gemini-2.5-flash
Machine Learning Germn,(Senior) ML Research Engineer (m/f/d) Robotics,Agile Robots SE,https://de.linkedin.com/jobs/view/senior-ml-research-engineer-m-f-d-robotics-at-agile-robots-se-4388457646,gemini/gemini-2.5-flash
Machine Learning Germn,"Senior / Lead Machine Learning Engineer, Serving",Inworld AI,https://de.linkedin.com/jobs/view/senior-lead-machine-learning-engineer-serving-at-inworld-ai-4397623827,gemini/gemini-2.5-flash
Machine Learning Germn,Senior Machine Learning Engineer (all genders),Zalando,https://de.linkedin.com/jobs/view/senior-machine-learning-engineer-all-genders-at-zalando-4427023454,gemini/gemini-2.5-flash
Machine Learning Germn,Lead AI/ML Engineer - BCN/MAD/Munich,AILY LABS,https://de.linkedin.com/jobs/view/lead-ai-ml-engineer-bcn-mad-munich-at-aily-labs-4427039699,gemini/gemini-2.5-flash
Machine Learning Germn,Lead Data Scientist,Envalior,https://de.linkedin.com/jobs/view/lead-data-scientist-at-envalior-4426062320,gemini/gemini-2.5-flash
Machine Learning Germn,Senior Data Scientist,SoTalent,https://de.linkedin.com/jobs/view/senior-data-scientist-at-sotalent-4423132930,gemini/gemini-2.5-flash
Machine Learning Germn,Senior Data Engineer (m/w/d),CHG-MERIDIAN,https://de.linkedin.com/jobs/view/senior-data-engineer-m-w-d-at-chg-meridian-4427011790,gemini/gemini-2.5-flash
Machine Learning Germn,Senior DataOps Engineer / Software Engineer,Zero to One Search | Recruitment Agency,https://de.linkedin.com/jobs/view/senior-dataops-engineer-software-engineer-at-zero-to-one-search-recruitment-agency-4423104619,gemini/gemini-2.5-flash
Machine Learning Germn,Senior Software Engineer* - Automatisierung & AI // bis zu 85.000€ (*m/w/d),NXT Hero,https://de.linkedin.com/jobs/view/senior-software-engineer-automatisierung-ai-bis-zu-85-000%E2%82%AC-m-w-d-at-nxt-hero-4426045406,gemini/gemini-2.5-flash
Machine Learning Germn,Senior Software Engineer (m/f/d),Code Compass 🧭,https://de.linkedin.com/jobs/view/senior-software-engineer-m-f-d-at-code-compass-%F0%9F%A7%AD-4426798775,gemini/gemini-2.5-flash
Machine Learning Germn,"Senior software engineer (f/m/d, freelance or permanent)",Frieda Health,https://de.linkedin.com/jobs/view/senior-software-engineer-f-m-d-freelance-or-permanent-at-frieda-health-4423156149,gemini/gemini-2.5-flash
Machine Learning Germn,"Founding Software Engineer (Backend, Cloud & AI Infrastructure)",NexTexAI,https://de.linkedin.com/jobs/view/founding-software-engineer-backend-cloud-ai-infrastructure-at-nextexai-4426096307,gemini/gemini-2.5-flash
Machine Learning Germn,Freelance Data Scraping Engineer (Python),Mindrift,https://de.linkedin.com/jobs/view/freelance-data-scraping-engineer-python-at-mindrift-4427033607,gemini/gemini-2.5-flash
Machine Learning Germn,Freelance Data Scraping Engineer (Python),Mindrift,https://de.linkedin.com/jobs/view/freelance-data-scraping-engineer-python-at-mindrift-4427031688,gemini/gemini-2.5-flash
Machine Learning Germn,Freelance Data Scraping Engineer (Python),Mindrift,https://de.linkedin.com/jobs/view/freelance-data-scraping-engineer-python-at-mindrift-4427028611,gemini/gemini-2.5-flash
Machine Learning Germn,Freelance Data Scraping Engineer (Python),Mindrift,https://de.linkedin.com/jobs/view/freelance-data-scraping-engineer-python-at-mindrift-4427024689,gemini/gemini-2.5-flash
Machine Learning Germn,Freelance Data Scraping Engineer (Python),Mindrift,https://de.linkedin.com/jobs/view/freelance-data-scraping-engineer-python-at-mindrift-4427025637,gemini/gemini-2.5-flash
Machine Learning Germn,Freelance Data Scraping Engineer (Python),Mindrift,https://de.linkedin.com/jobs/view/freelance-data-scraping-engineer-python-at-mindrift-4427021711,gemini/gemini-2.5-flash
Machine Learning Germn,Software Tester / QA Engineer – SaaS (m/w/d) remote,CENDAS,https://de.linkedin.com/jobs/view/software-tester-qa-engineer-%E2%80%93-saas-m-w-d-remote-at-cendas-4426027310,gemini/gemini-2.5-flash
Machine Learning Germn,Software Test Engineer,Haystack,https://de.linkedin.com/jobs/view/software-test-engineer-at-haystack-4423169097,gemini/gemini-2.5-flash
Machine Learning Germn,Software Engineer in Test,Dataiku,https://de.linkedin.com/jobs/view/software-engineer-in-test-at-dataiku-4426396942,gemini/gemini-2.5-flash
Work Student ML,Working Student - Professional Development,McKinsey & Company,https://de.linkedin.com/jobs/view/working-student-professional-development-at-mckinsey-company-4416913680,gemini/gemini-2.5-flash
Work Student ML,HR Reporting & Analytics Intern,DHL Supply Chain,https://de.linkedin.com/jobs/view/hr-reporting-analytics-intern-at-dhl-supply-chain-4427036001,gemini/gemini-2.5-flash
Work Student ML,Business Operations Intern (f/m/d),Moss,https://de.linkedin.com/jobs/view/business-operations-intern-f-m-d-at-moss-4427105075,gemini/gemini-2.5-flash
Work Student ML,"Working Student (m/f/d) Global Oncology Pricing Analytics, Operations & Payer Excellence",Daiichi Sankyo Europe GmbH,https://de.linkedin.com/jobs/view/working-student-m-f-d-global-oncology-pricing-analytics-operations-payer-excellence-at-daiichi-sankyo-europe-gmbh-4406505533,gemini/gemini-2.5-flash
Work Student ML,Working Student Industrial (f/m/d),Valeo,https://de.linkedin.com/jobs/view/working-student-industrial-f-m-d-at-valeo-4417014204,gemini/gemini-2.5-flash
Work Student ML,Intern Brand Communications EMEA - 6 months (m/w/d),Arc'teryx Equipment,https://de.linkedin.com/jobs/view/intern-brand-communications-emea-6-months-m-w-d-at-arc-teryx-equipment-4426752769,gemini/gemini-2.5-flash
Work Student ML,Working Student (m/f/d) – Laboratory Preparation & Testing of Innovative High-Performance Materials,tesa,https://de.linkedin.com/jobs/view/working-student-m-f-d-%E2%80%93-laboratory-preparation-testing-of-innovative-high-performance-materials-at-tesa-4426095797,gemini/gemini-2.5-flash
Work Student ML,Werkstudent (Mensch) Client Service,WPP Media,https://de.linkedin.com/jobs/view/werkstudent-mensch-client-service-at-wpp-media-4412242042,gemini/gemini-2.5-flash
Work Student ML,Working Student (m/f/*) - Channel Marketing & Sales Support,3M,https://de.linkedin.com/jobs/view/working-student-m-f-channel-marketing-sales-support-at-3m-4426793600,gemini/gemini-2.5-flash
Work Student ML,Intern Financial Services Product Management (f/m/x),BMW Group,https://de.linkedin.com/jobs/view/intern-financial-services-product-management-f-m-x-at-bmw-group-4416140300,gemini/gemini-2.5-flash
Work Student ML,Bridgestone European Graduate Program - Marketing,Bridgestone EMEA,https://de.linkedin.com/jobs/view/bridgestone-european-graduate-program-marketing-at-bridgestone-emea-4416685828,gemini/gemini-2.5-flash
Work Student ML,Graduate Programme 2026,Mercury,https://de.linkedin.com/jobs/view/graduate-programme-2026-at-mercury-4294231485,gemini/gemini-2.5-flash
Work Student ML,Intern (m/f/x) - Regulatory Affairs,tesa,https://de.linkedin.com/jobs/view/intern-m-f-x-regulatory-affairs-at-tesa-4426102713,gemini/gemini-2.5-flash
Work Student ML,Bridgestone European Graduate Program - Marketing,Bridgestone EMEA,https://de.linkedin.com/jobs/view/bridgestone-european-graduate-program-marketing-at-bridgestone-emea-4416689799,gemini/gemini-2.5-flash
Work Student ML,Intern (m/f/x) - Regulatory Affairs,tesa,https://de.linkedin.com/jobs/view/intern-m-f-x-regulatory-affairs-at-tesa-4426107118,gemini/gemini-2.5-flash
Work Student ML,Sales Operations Intern (m/w/d),Sunhat,https://de.linkedin.com/jobs/view/sales-operations-intern-m-w-d-at-sunhat-4426057300,gemini/gemini-2.5-flash
Work Student ML,Intern Communications & PR - German speaking (m/f/d),Raisin,https://de.linkedin.com/jobs/view/intern-communications-pr-german-speaking-m-f-d-at-raisin-4423138676,gemini/gemini-2.5-flash
Work Student ML,"Work Student, Learning & Development (all genders)",TeamViewer,https://de.linkedin.com/jobs/view/work-student-learning-development-all-genders-at-teamviewer-4426044981,gemini/gemini-2.5-flash
Work Student ML,"Work Student, Learning & Development (all genders)",TeamViewer,https://de.linkedin.com/jobs/view/work-student-learning-development-all-genders-at-teamviewer-4426050843,gemini/gemini-2.5-flash
Work Student ML,"Work Student, Learning & Development (all genders)",TeamViewer,https://de.linkedin.com/jobs/view/work-student-learning-development-all-genders-at-teamviewer-4426047998,gemini/gemini-2.5-flash
Work Student ML,"Work Student, Learning & Development (all genders)",TeamViewer,https://de.linkedin.com/jobs/view/work-student-learning-development-all-genders-at-teamviewer-4426064018,gemini/gemini-2.5-flash
Work Student ML,Working Student – Technical Onboarding (m/f/d) | B2B SaaS | Berlin (hybrid),Packmatic,https://de.linkedin.com/jobs/view/working-student-%E2%80%93-technical-onboarding-m-f-d-b2b-saas-berlin-hybrid-at-packmatic-4427038013,gemini/gemini-2.5-flash
Work Student ML,Intern Bank Intelligence (m/f/d),Raisin,https://de.linkedin.com/jobs/view/intern-bank-intelligence-m-f-d-at-raisin-4423160791,gemini/gemini-2.5-flash
Work Student ML,"Work Student, Learning & Development (all genders)",TeamViewer,https://de.linkedin.com/jobs/view/work-student-learning-development-all-genders-at-teamviewer-4426041983,gemini/gemini-2.5-flash
Work Student ML,Working Student - Expert Services,Market Logic Software,https://de.linkedin.com/jobs/view/working-student-expert-services-at-market-logic-software-4427007381,gemini/gemini-2.5-flash
Work Student ML,"Work Student, Learning & Development (all genders)",TeamViewer,https://de.linkedin.com/jobs/view/work-student-learning-development-all-genders-at-teamviewer-4426046919,gemini/gemini-2.5-flash
Work Student ML,Working Student - Solution Consulting (f/m/d),think-cell Software,https://de.linkedin.com/jobs/view/working-student-solution-consulting-f-m-d-at-think-cell-software-4426103221,gemini/gemini-2.5-flash
Work Student ML,"Work Student, Learning & Development (all genders)",TeamViewer,https://de.linkedin.com/jobs/view/work-student-learning-development-all-genders-at-teamviewer-4426763922,gemini/gemini-2.5-flash
Work Student ML,Internship: Project Management Office / PMO Analyst (m/f/d),deltaVision - fluid control & aerospace,https://de.linkedin.com/jobs/view/internship-project-management-office-pmo-analyst-m-f-d-at-deltavision-fluid-control-aerospace-4423147234,gemini/gemini-2.5-flash
Work Student ML,"Sales Intern / Working Student (Sales Development Representative, Business Development)",Logistica OS,https://de.linkedin.com/jobs/view/sales-intern-working-student-sales-development-representative-business-development-at-logistica-os-4423140372,gemini/gemini-2.5-flash
Work Student ML,Product Operations Intern,Synthflow AI,https://de.linkedin.com/jobs/view/product-operations-intern-at-synthflow-ai-4426754338,gemini/gemini-2.5-flash
Work Student ML,Intern (m/f/d) in Macroeconomics and Capital Markets Research in Economic Research,Allianz,https://de.linkedin.com/jobs/view/intern-m-f-d-in-macroeconomics-and-capital-markets-research-in-economic-research-at-allianz-4427044755,gemini/gemini-2.5-flash
Work Student ML,Working Student - Investment Controlling (m/f/d) - REF97352O,Continental,https://de.linkedin.com/jobs/view/working-student-investment-controlling-m-f-d-ref97352o-at-continental-4427013747,gemini/gemini-2.5-flash
Work Student ML,Sales support - working student,Aegon Asset Management,https://de.linkedin.com/jobs/view/sales-support-working-student-at-aegon-asset-management-4406966983,gemini/gemini-2.5-flash
Work Student ML,Working Student (f/m/d) - Technology in Global Procurement Organization,SAP,https://de.linkedin.com/jobs/view/working-student-f-m-d-technology-in-global-procurement-organization-at-sap-4416196241,gemini/gemini-2.5-flash
Work Student ML,Sensor Intern (m/f/d) (On-site Berlin),Deltia,https://de.linkedin.com/jobs/view/sensor-intern-m-f-d-on-site-berlin-at-deltia-4427075424,gemini/gemini-2.5-flash
Work Student ML,Working student POS Excellence Marketing (m/f/x),tesa,https://de.linkedin.com/jobs/view/working-student-pos-excellence-marketing-m-f-x-at-tesa-4426004031,gemini/gemini-2.5-flash
Work Student ML,Internship / Intern (m/f/d) - Italian or French at native level,concertare Beratungs- und Dienstleistungsgesellschaft mbH,https://de.linkedin.com/jobs/view/internship-intern-m-f-d-italian-or-french-at-native-level-at-concertare-beratungs-und-dienstleistungsgesellschaft-mbh-4423101672,gemini/gemini-2.5-flash
Work Student ML,Intern Venture Development (all genders),Lufthansa Innovation Hub,https://de.linkedin.com/jobs/view/intern-venture-development-all-genders-at-lufthansa-innovation-hub-4426040942,gemini/gemini-2.5-flash
Work Student ML,"frog, part of Capgemini Invent - Strategy Intern",Capgemini Invent,https://de.linkedin.com/jobs/view/frog-part-of-capgemini-invent-strategy-intern-at-capgemini-invent-4426791033,gemini/gemini-2.5-flash
Machine Learning Germn,Software Development Engineer II C++ (m/f/d),Esri,https://de.linkedin.com/jobs/view/software-development-engineer-ii-c%2B%2B-m-f-d-at-esri-4417020818,gemini/gemini-2.5-flash
